Store Type,Year,number of store type in sample,Indicator,Percent
Supermarket,2008,50,stores with tobacco ads below 3 feet,10
Supermarket,2008,50,stores with tobacco ads near candy,0
Supermarket,2011,76,stores with tobacco ads below 3 feet,28.9
Supermarket,2011,76,stores with tobacco ads near candy,1.3
Small Market,2008,134,stores with tobacco ads below 3 feet,9.7
Small Market,2008,134,stores with tobacco ads near candy,0.7
Small Market,2011,148,stores with tobacco ads below 3 feet,17.6
Small Market,2011,148,stores with tobacco ads near candy,8.8
Convenience,2008,190,stores with tobacco ads below 3 feet,15.8
Convenience,2008,190,stores with tobacco ads near candy,0
Convenience,2011,204,stores with tobacco ads below 3 feet,47.1
Convenience,2011,204,stores with tobacco ads near candy,10.3
Gas Only,2008,20,stores with tobacco ads below 3 feet,10
Gas Only,2008,20,stores with tobacco ads near candy,0
Gas Only,2011,14,stores with tobacco ads below 3 feet,21.4
Gas Only,2011,14,stores with tobacco ads near candy,7.1
Pharmacy,2008,49,stores with tobacco ads below 3 feet,22.4
Pharmacy,2008,49,stores with tobacco ads near candy,0
Pharmacy,2011,48,stores with tobacco ads below 3 feet,31.3
Pharmacy,2011,48,stores with tobacco ads near candy,4.2
Liquor Store,2008,102,stores with tobacco ads below 3 feet,12.7
Liquor Store,2008,102,stores with tobacco ads near candy,2.9
Liquor Store,2011,76,stores with tobacco ads below 3 feet,39.5
Liquor Store,2011,76,stores with tobacco ads near candy,18.4
Total,2008,545,stores with tobacco ads below 3 feet,13.6
Total,2008,545,stores with tobacco ads near candy,0.7
Total,2011,566,stores with tobacco ads below 3 feet,33.9
Total,2011,566,stores with tobacco ads near candy,9.2
